source_type,database_name,table_name,column_name,column_position,data_type,is_nullable,column_key
bigquery,tappx_us_east4,SensorTower_Tappx_CategoryMapping,date,1,DATE,YES,
bigquery,tappx_us_east4,SensorTower_Tappx_CategoryMapping,OS,2,STRING,YES,
bigquery,tappx_us_east4,SensorTower_Tappx_CategoryMapping,ID SensorTower Category,3,STRING,YES,
bigquery,tappx_us_east4,SensorTower_Tappx_CategoryMapping,SensorTower Category,4,STRING,YES,
bigquery,tappx_us_east4,SensorTower_Tappx_CategoryMapping,Tappx Category,5,STRING,YES,
bigquery,tappx_us_east4,SensorTower_Tappx_CategoryMapping,Similarity Score,6,FLOAT64,YES,
bigquery,tappx_us_east4,SensorTower_Tappx_CategoryMapping,Thr1,7,BOOL,YES,
bigquery,tappx_us_east4,advertiser_apps,snap_date,1,DATE,YES,
bigquery,tappx_us_east4,advertiser_apps,bundle_id,2,STRING,YES,
bigquery,tappx_us_east4,advertiser_apps,name,3,STRING,YES,
bigquery,tappx_us_east4,advertiser_apps,status,4,STRING,YES,
bigquery,tappx_us_east4,advertiser_apps,device,5,STRING,YES,
bigquery,tappx_us_east4,advertiser_apps,creation_date,6,DATE,YES,
bigquery,tappx_us_east4,advertiser_apps,expiration_date,7,DATE,YES,
bigquery,tappx_us_east4,app_insights,id,1,INT64,YES,
bigquery,tappx_us_east4,app_insights,last_update,2,DATE,YES,
bigquery,tappx_us_east4,app_insights,device,3,STRING,YES,
bigquery,tappx_us_east4,app_insights,bundle_tappx,4,STRING,YES,
bigquery,tappx_us_east4,app_insights,market_title,5,STRING,YES,
bigquery,tappx_us_east4,app_insights,market_url,6,STRING,YES,
bigquery,tappx_us_east4,app_insights,market_description,7,STRING,YES,
bigquery,tappx_us_east4,app_insights,market_genre,8,STRING,YES,
bigquery,tappx_us_east4,app_insights,st_categories,9,STRING,YES,
bigquery,tappx_us_east4,app_insights,st_countries,10,STRING,YES,
bigquery,tappx_us_east4,app_insights,st_confidence,11,STRING,YES,
bigquery,tappx_us_east4,app_insights,st_demographics,12,STRING,YES,
bigquery,tappx_us_east4,app_insights,total_requests,13,INT64,YES,
bigquery,tappx_us_east4,app_insights,total_deliveries,14,INT64,YES,
bigquery,tappx_us_east4,app_insights,total_impressions,15,INT64,YES,
bigquery,tappx_us_east4,app_insights,total_revenue,16,FLOAT64,YES,
bigquery,tappx_us_east4,app_insights,categories,17,STRING,YES,
bigquery,tappx_us_east4,app_insights,age_distribution,18,STRING,YES,
bigquery,tappx_us_east4,app_insights,description,19,STRING,YES,
bigquery,tappx_us_east4,app_insights,female,20,FLOAT64,YES,
bigquery,tappx_us_east4,app_insights,male,21,FLOAT64,YES,
bigquery,tappx_us_east4,bundle-categories,bundle_offer_bidder,1,STRING,YES,
bigquery,tappx_us_east4,bundle-categories,tpx_cat_request,2,STRING,YES,
bigquery,tappx_us_east4,bundle-categories,score,3,FLOAT64,YES,
bigquery,tappx_us_east4,bundle_segments_20250116,bundle,1,STRING,YES,
bigquery,tappx_us_east4,bundle_segments_20250116,bundle_bidder,2,STRING,YES,
bigquery,tappx_us_east4,bundle_segments_20250116,id_os,3,INT64,YES,
bigquery,tappx_us_east4,bundle_segments_20250116,tappx_categories,4,STRING,YES,
bigquery,tappx_us_east4,bundle_segments_20250116,gender_distribution,5,STRING,YES,
bigquery,tappx_us_east4,bundle_segments_20250116,age_distribution,6,STRING,YES,
bigquery,tappx_us_east4,bundle_segments_20250116,st_demographics,7,STRING,YES,
bigquery,tappx_us_east4,bundle_segments_20250116,st_confidence,8,STRING,YES,
bigquery,tappx_us_east4,bundle_segments_20250116,last_update,9,DATE,YES,
bigquery,tappx_us_east4,dashboard_floor_history,date,1,TIMESTAMP,NO,
bigquery,tappx_us_east4,dashboard_floor_history,adunit,2,STRING(20),YES,
bigquery,tappx_us_east4,dashboard_floor_history,bundle,3,STRING(50),YES,
bigquery,tappx_us_east4,dashboard_floor_history,size,4,STRING(10),YES,
bigquery,tappx_us_east4,dashboard_floor_history,country,5,STRING(3),YES,
bigquery,tappx_us_east4,dashboard_floor_history,floor_price,6,FLOAT64,YES,
bigquery,tappx_us_east4,dashboard_floor_history,id_size,7,INT64,YES,
bigquery,tappx_us_east4,market_info_application_20250116,bundle,1,STRING,YES,
bigquery,tappx_us_east4,market_info_application_20250116,id_os,2,INT64,YES,
bigquery,tappx_us_east4,market_info_application_20250116,creation,3,TIMESTAMP,YES,
bigquery,tappx_us_east4,market_info_application_20250116,crawler_dl_tries,4,INT64,YES,
bigquery,tappx_us_east4,market_info_application_20250116,crawler_last_check,5,TIMESTAMP,YES,
bigquery,tappx_us_east4,market_info_application_20250116,crawler_last_ok,6,TIMESTAMP,YES,
bigquery,tappx_us_east4,market_info_application_20250116,market_url,7,STRING,YES,
bigquery,tappx_us_east4,market_info_application_20250116,market_country,8,STRING,YES,
bigquery,tappx_us_east4,market_info_application_20250116,market_app_last_update,9,DATE,YES,
bigquery,tappx_us_east4,market_info_application_20250116,market_apple_id,10,STRING,YES,
bigquery,tappx_us_east4,market_info_application_20250116,market_title,11,STRING,YES,
bigquery,tappx_us_east4,market_info_application_20250116,market_description,12,STRING,YES,
bigquery,tappx_us_east4,market_info_application_20250116,market_logo,13,STRING,YES,
bigquery,tappx_us_east4,market_info_application_20250116,market_is_free,14,INT64,YES,
bigquery,tappx_us_east4,market_info_application_20250116,market_rate,15,NUMERIC,YES,
bigquery,tappx_us_east4,market_info_application_20250116,market_category,16,STRING,YES,
bigquery,tappx_us_east4,market_info_application_20250116,market_reviews,17,INT64,YES,
bigquery,tappx_us_east4,market_info_application_20250116,market_downloads,18,INT64,YES,
bigquery,tappx_us_east4,market_info_application_20250116,market_appsize,19,NUMERIC,YES,
bigquery,tappx_us_east4,market_info_application_20250116,market_developer_marketurl,20,STRING,YES,
bigquery,tappx_us_east4,market_info_application_20250116,market_developer_website,21,STRING,YES,
bigquery,tappx_us_east4,market_info_application_20250116,market_content_rating,22,STRING,YES,
bigquery,tappx_us_east4,market_info_application_20250116,market_version_required,23,STRING,YES,
bigquery,tappx_us_east4,market_info_application_20250116,market_mail,24,STRING,YES,
bigquery,tappx_us_east4,market_info_application_20250116,bundle_hash,25,STRING,YES,
bigquery,tappx_us_east4,market_tappx_category_mapping,id_os,1,INT64,YES,
bigquery,tappx_us_east4,market_tappx_category_mapping,os,2,STRING,YES,
bigquery,tappx_us_east4,market_tappx_category_mapping,market_category,3,STRING,YES,
bigquery,tappx_us_east4,market_tappx_category_mapping,tappx_category,4,STRING,YES,
bigquery,tappx_us_east4,newly_inserted_ids,id_install,1,STRING,YES,
bigquery,tappx_us_east4,newly_inserted_ids,request_date,2,DATE,YES,
bigquery,tappx_us_east4,newly_inserted_ids,id_req_ssp,3,STRING,YES,
bigquery,tappx_us_east4,perf_bidder_telemetry,id_request,1,STRING,YES,
bigquery,tappx_us_east4,perf_bidder_telemetry,id_request_ssp,2,STRING,YES,
bigquery,tappx_us_east4,perf_bidder_telemetry,ts,3,INT64,YES,
bigquery,tappx_us_east4,perf_bidder_telemetry,raw_request,4,STRING,YES,
bigquery,tappx_us_east4,perf_bidder_telemetry,raw_response,5,STRING,YES,
bigquery,tappx_us_east4,perf_bidder_telemetry,bidder_internal_logic,6,"STRUCT<algorithm_selection STRUCT<algorithm_candidates ARRAY<STRING>, algorithm_selected STRING, algorithm_selection_method STRING, algorithm_selection_reason STRING>, algorithm_selection_logic STRUCT<mode_decision STRUCT<router_decision STRUCT<router_type STRING, mode_router_reason STRING, selector_type STRING, routing_reason STRING>, selector_decision STRUCT<mode STRING, reason STRING>>, algorithm_decision STRUCT<algorithm_selector_type STRING, algorithm_selector_reason STRING, candidate_algorithms ARRAY<STRING>, algorithm STRING, selection_reason STRING>>, algorithm_matching STRUCT<suggested_offers ARRAY<STRUCT<campaign_id STRING, score FLOAT64>>, max_score FLOAT64, bucket_assigned STRING, bucket_logic STRING>, bidding_logic STRUCT<bidding_algorithm STRING, bid_floor FLOAT64, bid_price FLOAT64>, offer_selection STRUCT<algorithm_selected STRING, offer_selected STRUCT<campaign_id STRING, offer_bundle STRING>>, request_blocker STRUCT<is_blocked BOOL, blocked_reason STRING>>",YES,
bigquery,tappx_us_east4,perf_bidder_telemetry,date,7,DATE,YES,
bigquery,tappx_us_east4,perf_bidder_telemetry_test,id_request,1,STRING,YES,
bigquery,tappx_us_east4,perf_bidder_telemetry_test,id_request_ssp,2,STRING,YES,
bigquery,tappx_us_east4,perf_bidder_telemetry_test,ts,3,INT64,YES,
bigquery,tappx_us_east4,perf_bidder_telemetry_test,raw_request,4,STRING,YES,
bigquery,tappx_us_east4,perf_bidder_telemetry_test,raw_response,5,STRING,YES,
bigquery,tappx_us_east4,perf_bidder_telemetry_test,bidder_internal_logic,6,"STRUCT<algorithm_selection STRUCT<algorithm_candidates ARRAY<STRING>, algorithm_selected STRING, algorithm_selection_method STRING, algorithm_selection_reason STRING>, algorithm_selection_logic STRUCT<mode_decision STRUCT<router_decision STRUCT<router_type STRING, mode_router_reason STRING, selector_type STRING, routing_reason STRING>, selector_decision STRUCT<mode STRING, reason STRING>>, algorithm_decision STRUCT<algorithm_selector_type STRING, algorithm_selector_reason STRING, candidate_algorithms ARRAY<STRING>, algorithm STRING, selection_reason STRING>>, algorithm_matching STRUCT<suggested_offers ARRAY<STRUCT<campaign_id STRING, score FLOAT64>>, max_score FLOAT64, bucket_assigned STRING, bucket_logic STRING>, bidding_logic STRUCT<bidding_algorithm STRING, bid_floor FLOAT64, bid_price FLOAT64>, offer_selection STRUCT<algorithm_selected STRING, offer_selected STRUCT<campaign_id STRING, offer_bundle STRING>>, request_blocker STRUCT<is_blocked BOOL, blocked_reason STRING>>",YES,
bigquery,tappx_us_east4,perf_bidder_telemetry_test,date,7,DATE,YES,
bigquery,tappx_us_east4,perf_conversions,id_conversion,1,STRING,YES,
bigquery,tappx_us_east4,perf_conversions,id_offer,2,INT64,YES,
bigquery,tappx_us_east4,perf_conversions,device_id,3,STRING,YES,
bigquery,tappx_us_east4,perf_conversions,ts_request,4,TIMESTAMP,YES,
bigquery,tappx_us_east4,perf_conversions,ts_click,5,TIMESTAMP,YES,
bigquery,tappx_us_east4,perf_conversions,ts_conversion,6,TIMESTAMP,YES,
bigquery,tappx_us_east4,perf_conversions,adunit,7,STRING,YES,
bigquery,tappx_us_east4,perf_conversions,banner_size,8,STRING,YES,
bigquery,tappx_us_east4,perf_conversions,bundle_request,9,STRING,YES,
bigquery,tappx_us_east4,perf_conversions,bundle_offer,10,STRING,YES,
bigquery,tappx_us_east4,perf_conversions,id_network,11,INT64,YES,
bigquery,tappx_us_east4,perf_conversions,country,12,STRING,YES,
bigquery,tappx_us_east4,perf_conversions,goal,13,STRING,YES,
bigquery,tappx_us_east4,perf_conversions,os,14,STRING,YES,
bigquery,tappx_us_east4,perf_conversions,ip,15,STRING,YES,
bigquery,tappx_us_east4,perf_conversions,ua,16,STRING,YES,
bigquery,tappx_us_east4,perf_impressions,id_req,1,INT64,YES,
bigquery,tappx_us_east4,perf_impressions,ts_impression,2,TIMESTAMP,YES,
bigquery,tappx_us_east4,perf_impressions,ts_request,3,TIMESTAMP,YES,
bigquery,tappx_us_east4,perf_impressions,ip_request,4,STRING,YES,
bigquery,tappx_us_east4,perf_impressions,endpoint,5,STRING,YES,
bigquery,tappx_us_east4,perf_impressions,source,6,STRING,YES,
bigquery,tappx_us_east4,perf_impressions,country,7,STRING,YES,
bigquery,tappx_us_east4,perf_impressions,id_network,8,INT64,YES,
bigquery,tappx_us_east4,perf_impressions,id_os,9,INT64,YES,
bigquery,tappx_us_east4,perf_impressions,platform,10,STRING,YES,
bigquery,tappx_us_east4,perf_impressions,device_id,11,STRING,YES,
bigquery,tappx_us_east4,perf_impressions,user_agent,12,STRING,YES,
bigquery,tappx_us_east4,perf_impressions,id_offer,13,INT64,YES,
bigquery,tappx_us_east4,perf_impressions,offer_revenue,14,NUMERIC,YES,
bigquery,tappx_us_east4,perf_impressions,offer_revenue_type,15,STRING,YES,
bigquery,tappx_us_east4,perf_impressions,offer_goal,16,NUMERIC,YES,
bigquery,tappx_us_east4,perf_impressions,offer_goal_type,17,STRING,YES,
bigquery,tappx_us_east4,perf_impressions,offer_value,18,NUMERIC,YES,
bigquery,tappx_us_east4,perf_impressions,adunit,19,STRING,YES,
bigquery,tappx_us_east4,perf_impressions,count,20,INT64,YES,
bigquery,tappx_us_east4,perf_impressions,cpm_value,21,NUMERIC,YES,
bigquery,tappx_us_east4,perf_impressions,cpm_paid,22,NUMERIC,YES,
bigquery,tappx_us_east4,perf_impressions,cpm_type,23,STRING,YES,
bigquery,tappx_us_east4,perf_installs,id_install,1,STRING,YES,
bigquery,tappx_us_east4,perf_installs,ts_request,2,TIMESTAMP,YES,
bigquery,tappx_us_east4,perf_installs,ts_click,3,TIMESTAMP,YES,
bigquery,tappx_us_east4,perf_installs,ts_install,4,TIMESTAMP,YES,
bigquery,tappx_us_east4,perf_installs,adunit,5,STRING,YES,
bigquery,tappx_us_east4,perf_installs,banner_size,6,STRING,YES,
bigquery,tappx_us_east4,perf_installs,bundle_request,7,STRING,YES,
bigquery,tappx_us_east4,perf_installs,bundle_offer,8,STRING,YES,
bigquery,tappx_us_east4,perf_installs,id_offer,9,INT64,YES,
bigquery,tappx_us_east4,perf_installs,id_network,10,INT64,YES,
bigquery,tappx_us_east4,perf_installs,country,11,STRING,YES,
bigquery,tappx_us_east4,perf_installs,city,12,STRING,YES,
bigquery,tappx_us_east4,perf_installs,offer_revenue,13,FLOAT64,YES,
bigquery,tappx_us_east4,perf_installs,offer_revenue_type,14,STRING,YES,
bigquery,tappx_us_east4,perf_installs,offer_goal,15,FLOAT64,YES,
bigquery,tappx_us_east4,perf_installs,offer_goal_type,16,STRING,YES,
bigquery,tappx_us_east4,perf_installs,currency,17,STRING,YES,
bigquery,tappx_us_east4,perf_installs,device_id,18,STRING,YES,
bigquery,tappx_us_east4,perf_installs,endpoint,19,STRING,YES,
bigquery,tappx_us_east4,perf_installs,source,20,STRING,YES,
bigquery,tappx_us_east4,perf_installs,perf_source,21,STRING,YES,
bigquery,tappx_us_east4,perf_installs,ip,22,STRING,YES,
bigquery,tappx_us_east4,perf_installs,id_request,23,INT64,YES,
bigquery,tappx_us_east4,perf_installs,id_click,24,STRING,YES,
bigquery,tappx_us_east4,perf_installs,os,25,STRING,YES,
bigquery,tappx_us_east4,perf_installs,os_id,26,INT64,YES,
bigquery,tappx_us_east4,perf_installs,os_version,27,STRING,YES,
bigquery,tappx_us_east4,perf_installs,vta,28,STRING,YES,
bigquery,tappx_us_east4,perf_installs,ua,29,STRING,YES,
bigquery,tappx_us_east4,perf_installs,video,30,STRING,YES,
bigquery,tappx_us_east4,perf_installs,video_type,31,STRING,YES,
bigquery,tappx_us_east4,perf_installs,algo_incoming_traffic,32,STRING,YES,
bigquery,tappx_us_east4,perf_installs,algo_tag_reqs,33,STRING,YES,
bigquery,tappx_us_east4,perf_installs,algo_sprinkler,34,STRING,YES,
bigquery,tappx_us_east4,perf_installs,algo_offer_selection,35,STRING,YES,
bigquery,tappx_us_east4,perf_installs,sdk,36,STRING,YES,
bigquery,tappx_us_east4,perf_installs,sdk_version,37,STRING,YES,
bigquery,tappx_us_east4,perf_installs,id_req_ssp,38,STRING,YES,
bigquery,tappx_us_east4,perf_installs_last30days,id_install,1,STRING,YES,
bigquery,tappx_us_east4,perf_installs_last30days,ts_request,2,TIMESTAMP,YES,
bigquery,tappx_us_east4,perf_installs_last30days,ts_click,3,TIMESTAMP,YES,
bigquery,tappx_us_east4,perf_installs_last30days,ts_install,4,TIMESTAMP,YES,
bigquery,tappx_us_east4,perf_installs_last30days,adunit,5,STRING,YES,
bigquery,tappx_us_east4,perf_installs_last30days,banner_size,6,STRING,YES,
bigquery,tappx_us_east4,perf_installs_last30days,bundle_request,7,STRING,YES,
bigquery,tappx_us_east4,perf_installs_last30days,bundle_offer,8,STRING,YES,
bigquery,tappx_us_east4,perf_installs_last30days,id_offer,9,INT64,YES,
bigquery,tappx_us_east4,perf_installs_last30days,id_network,10,INT64,YES,
bigquery,tappx_us_east4,perf_installs_last30days,country,11,STRING,YES,
bigquery,tappx_us_east4,perf_installs_last30days,city,12,STRING,YES,
bigquery,tappx_us_east4,perf_installs_last30days,offer_revenue,13,FLOAT64,YES,
bigquery,tappx_us_east4,perf_installs_last30days,offer_revenue_type,14,STRING,YES,
bigquery,tappx_us_east4,perf_installs_last30days,offer_goal,15,FLOAT64,YES,
bigquery,tappx_us_east4,perf_installs_last30days,offer_goal_type,16,STRING,YES,
bigquery,tappx_us_east4,perf_installs_last30days,currency,17,STRING,YES,
bigquery,tappx_us_east4,perf_installs_last30days,device_id,18,STRING,YES,
bigquery,tappx_us_east4,perf_installs_last30days,endpoint,19,STRING,YES,
bigquery,tappx_us_east4,perf_installs_last30days,source,20,STRING,YES,
bigquery,tappx_us_east4,perf_installs_last30days,perf_source,21,STRING,YES,
bigquery,tappx_us_east4,perf_installs_last30days,ip,22,STRING,YES,
bigquery,tappx_us_east4,perf_installs_last30days,id_request,23,INT64,YES,
bigquery,tappx_us_east4,perf_installs_last30days,id_click,24,STRING,YES,
bigquery,tappx_us_east4,perf_installs_last30days,os,25,STRING,YES,
bigquery,tappx_us_east4,perf_installs_last30days,os_id,26,INT64,YES,
bigquery,tappx_us_east4,perf_installs_last30days,os_version,27,STRING,YES,
bigquery,tappx_us_east4,perf_installs_last30days,vta,28,STRING,YES,
bigquery,tappx_us_east4,perf_installs_last30days,ua,29,STRING,YES,
bigquery,tappx_us_east4,perf_installs_last30days,video,30,STRING,YES,
bigquery,tappx_us_east4,perf_installs_last30days,video_type,31,STRING,YES,
bigquery,tappx_us_east4,perf_installs_last30days,algo_incoming_traffic,32,STRING,YES,
bigquery,tappx_us_east4,perf_installs_last30days,algo_tag_reqs,33,STRING,YES,
bigquery,tappx_us_east4,perf_installs_last30days,algo_sprinkler,34,STRING,YES,
bigquery,tappx_us_east4,perf_installs_last30days,algo_offer_selection,35,STRING,YES,
bigquery,tappx_us_east4,perf_installs_last30days,sdk,36,STRING,YES,
bigquery,tappx_us_east4,perf_installs_last30days,sdk_version,37,STRING,YES,
bigquery,tappx_us_east4,perf_installs_last30days,id_req_ssp,38,STRING,YES,
bigquery,tappx_us_east4,publisher_apps,snap_date,1,DATE,YES,
bigquery,tappx_us_east4,publisher_apps,bundle_id,2,STRING,YES,
bigquery,tappx_us_east4,publisher_apps,name,3,STRING,YES,
bigquery,tappx_us_east4,publisher_apps,status,4,STRING,YES,
bigquery,tappx_us_east4,publisher_apps,device,5,STRING,YES,
bigquery,tappx_us_east4,publisher_apps,publisher_id,6,INT64,YES,
bigquery,tappx_us_east4,sizes,id_size,1,INT64,YES,
bigquery,tappx_us_east4,sizes,size,2,STRING,YES,
bigquery,tappx_us_east4,sizes,description,3,STRING,YES,
bigquery,tappx_us_east4,sizes,family,4,STRING,YES,
bigquery,tappx_us_east4,sizes,type,5,STRING,YES,
bigquery,tappx_us_east4,sizes,orientation,6,STRING,YES,
bigquery,tappx_us_east4,sizes,monetization,7,BOOL,YES,
bigquery,tappx_us_east4,sizes,cross_promotion,8,BOOL,YES,
bigquery,tappx_us_east4,sizes,performance,9,BOOL,YES,
bigquery,tappx_us_east4,sizes,ts_update,10,TIMESTAMP,YES,
bigquery,tappx_us_east4,ssp_deliveries,ts,1,INT64,NO,
bigquery,tappx_us_east4,ssp_deliveries,id_req,2,INT64,NO,
bigquery,tappx_us_east4,ssp_deliveries,country,3,STRING,NO,
bigquery,tappx_us_east4,ssp_deliveries,device_id,4,STRING,YES,
bigquery,tappx_us_east4,ssp_deliveries,bundle,5,STRING,NO,
bigquery,tappx_us_east4,ssp_deliveries,bundle_numerico,6,INT64,YES,
bigquery,tappx_us_east4,ssp_deliveries,channel,7,STRING,YES,
bigquery,tappx_us_east4,ssp_deliveries,id_os,8,INT64,NO,
bigquery,tappx_us_east4,ssp_deliveries,inventory_type,9,STRING,NO,
bigquery,tappx_us_east4,ssp_deliveries,ad_size,10,STRING,NO,
bigquery,tappx_us_east4,ssp_deliveries,id_size,11,INT64,NO,
bigquery,tappx_us_east4,ssp_deliveries,datacenter,12,STRING,NO,
bigquery,tappx_us_east4,ssp_deliveries,canary,13,BOOL,NO,
bigquery,tappx_us_east4,ssp_deliveries,id_user,14,INT64,NO,
bigquery,tappx_us_east4,ssp_deliveries,id_app,15,INT64,NO,
bigquery,tappx_us_east4,ssp_deliveries,adunit,16,STRING,NO,
bigquery,tappx_us_east4,ssp_deliveries,endpoint,17,STRING,NO,
bigquery,tappx_us_east4,ssp_deliveries,endpoint_type,18,STRING,NO,
bigquery,tappx_us_east4,ssp_deliveries,mediation_connection,19,STRING,NO,
bigquery,tappx_us_east4,ssp_deliveries,bytes_request,20,INT64,YES,
bigquery,tappx_us_east4,ssp_deliveries,bytes_ad,21,INT64,YES,
bigquery,tappx_us_east4,ssp_deliveries,count,22,INT64,NO,
bigquery,tappx_us_east4,ssp_deliveries,subid_request,23,INT64,YES,
bigquery,tappx_us_east4,ssp_deliveries,ts_request,24,INT64,NO,
bigquery,tappx_us_east4,ssp_deliveries,network_id,25,INT64,NO,
bigquery,tappx_us_east4,ssp_deliveries,network_name,26,STRING,NO,
bigquery,tappx_us_east4,ssp_deliveries,network_key,27,STRING,NO,
bigquery,tappx_us_east4,ssp_deliveries,status_code,28,INT64,NO,
bigquery,tappx_us_east4,ssp_deliveries,elapsed_time_network,29,INT64,NO,
bigquery,tappx_us_east4,ssp_deliveries,elapsed_time_global,30,INT64,YES,
bigquery,tappx_us_east4,ssp_deliveries,from_cache,31,BOOL,NO,
bigquery,tappx_us_east4,ssp_deliveries,json_data,32,STRING,YES,
bigquery,tappx_us_east4,ssp_deliveries,json_prices,33,STRING,YES,
bigquery,tappx_us_east4,ssp_deliveries,json_qa,34,STRING,YES,
bigquery,tappx_us_east4,ssp_deliveries,json_cache,35,STRING,YES,
bigquery,tappx_us_east4,ssp_deliveries,date,36,DATE,YES,
bigquery,tappx_us_east4,ssp_dmn_requests,ts,1,INT64,YES,
bigquery,tappx_us_east4,ssp_dmn_requests,id_req,2,INT64,YES,
bigquery,tappx_us_east4,ssp_dmn_requests,country,3,STRING,YES,
bigquery,tappx_us_east4,ssp_dmn_requests,device_id,4,STRING,YES,
bigquery,tappx_us_east4,ssp_dmn_requests,bundle,5,STRING,YES,
bigquery,tappx_us_east4,ssp_dmn_requests,bundle_numerico,6,INT64,YES,
bigquery,tappx_us_east4,ssp_dmn_requests,channel,7,STRING,YES,
bigquery,tappx_us_east4,ssp_dmn_requests,id_os,8,INT64,YES,
bigquery,tappx_us_east4,ssp_dmn_requests,inventory_type,9,STRING,YES,
bigquery,tappx_us_east4,ssp_dmn_requests,ad_size,10,STRING,YES,
bigquery,tappx_us_east4,ssp_dmn_requests,id_size,11,INT64,YES,
bigquery,tappx_us_east4,ssp_dmn_requests,datacenter,12,STRING,YES,
bigquery,tappx_us_east4,ssp_dmn_requests,canary,13,BOOL,YES,
bigquery,tappx_us_east4,ssp_dmn_requests,id_user,14,INT64,YES,
bigquery,tappx_us_east4,ssp_dmn_requests,id_app,15,INT64,YES,
bigquery,tappx_us_east4,ssp_dmn_requests,adunit,16,STRING,YES,
bigquery,tappx_us_east4,ssp_dmn_requests,endpoint,17,STRING,YES,
bigquery,tappx_us_east4,ssp_dmn_requests,endpoint_type,18,STRING,YES,
bigquery,tappx_us_east4,ssp_dmn_requests,mediation_connection,19,STRING,YES,
bigquery,tappx_us_east4,ssp_dmn_requests,bytes_request,20,INT64,YES,
bigquery,tappx_us_east4,ssp_dmn_requests,bytes_ad,21,INT64,YES,
bigquery,tappx_us_east4,ssp_dmn_requests,json_data,22,STRING,YES,
bigquery,tappx_us_east4,ssp_dmn_requests,json_prices,23,STRING,YES,
bigquery,tappx_us_east4,ssp_dmn_requests,count,24,INT64,YES,
bigquery,tappx_us_east4,ssp_dmn_requests,ts_request,25,INT64,YES,
bigquery,tappx_us_east4,ssp_dmn_requests,network_id,26,INT64,YES,
bigquery,tappx_us_east4,ssp_dmn_requests,network_name,27,STRING,YES,
bigquery,tappx_us_east4,ssp_dmn_requests,network_key,28,STRING,YES,
bigquery,tappx_us_east4,ssp_dmn_requests,status_code,29,INT64,YES,
bigquery,tappx_us_east4,ssp_dmn_requests,date,30,DATE,YES,
bigquery,tappx_us_east4,ssp_impressions,date,1,DATE,YES,
bigquery,tappx_us_east4,ssp_impressions,network_id,2,INT64,YES,
bigquery,tappx_us_east4,ssp_impressions,user_id,3,INT64,YES,
bigquery,tappx_us_east4,ssp_impressions,inventory_type,4,STRING,YES,
bigquery,tappx_us_east4,ssp_impressions,price_network_response_net,5,FLOAT64,YES,
bigquery,tappx_us_east4,ssp_impressions,ts_delivery_ad,6,INT64,YES,
bigquery,tappx_us_east4,ssp_impressions,json_prices,7,STRING,YES,
bigquery,tappx_us_east4,ssp_impressions,price_publisher_response,8,FLOAT64,YES,
bigquery,tappx_us_east4,ssp_impressions,json_extra,9,STRING,YES,
bigquery,tappx_us_east4,ssp_impressions,endpoint_type,10,STRING,YES,
bigquery,tappx_us_east4,ssp_impressions,country,11,STRING,YES,
bigquery,tappx_us_east4,ssp_impressions,mediation_connection,12,STRING,YES,
bigquery,tappx_us_east4,ssp_impressions,adunit,13,STRING,YES,
bigquery,tappx_us_east4,ssp_impressions,bundle,14,STRING,YES,
bigquery,tappx_us_east4,ssp_impressions,ttl_tappx,15,INT64,YES,
bigquery,tappx_us_east4,ssp_impressions,id_os,16,INT64,YES,
bigquery,tappx_us_east4,ssp_impressions,json_device,17,STRING,YES,
bigquery,tappx_us_east4,ssp_impressions,network_name,18,STRING,YES,
bigquery,tappx_us_east4,ssp_impressions,id_size,19,INT64,YES,
bigquery,tappx_us_east4,ssp_impressions,message_error,20,STRING,YES,
bigquery,tappx_us_east4,ssp_impressions,network_key,21,STRING,YES,
bigquery,tappx_us_east4,ssp_impressions,json_qa,22,STRING,YES,
bigquery,tappx_us_east4,ssp_impressions,ts_request,23,INT64,YES,
bigquery,tappx_us_east4,ssp_impressions,ad_size,24,STRING,YES,
bigquery,tappx_us_east4,ssp_impressions,json_data,25,STRING,YES,
bigquery,tappx_us_east4,ssp_impressions,ad_format,26,STRING,YES,
bigquery,tappx_us_east4,ssp_impressions,json_cache,27,STRING,YES,
bigquery,tappx_us_east4,ssp_impressions,canary,28,BOOL,YES,
bigquery,tappx_us_east4,ssp_impressions,ip,29,STRING,YES,
bigquery,tappx_us_east4,ssp_impressions,datacenter,30,STRING,YES,
bigquery,tappx_us_east4,ssp_impressions,ttl,31,INT64,YES,
bigquery,tappx_us_east4,ssp_impressions,domain_pixel,32,STRING,YES,
bigquery,tappx_us_east4,ssp_impressions,ua_impression,33,STRING,YES,
bigquery,tappx_us_east4,ssp_impressions,ipv6,34,STRING,YES,
bigquery,tappx_us_east4,ssp_impressions,id_request,35,INT64,YES,
bigquery,tappx_us_east4,ssp_impressions,ua_request,36,STRING,YES,
bigquery,tappx_us_east4,ssp_impressions,ad_markup,37,STRING,YES,
bigquery,tappx_us_east4,ssp_impressions,bundle_impression,38,STRING,YES,
bigquery,tappx_us_east4,ssp_impressions,ip_impression,39,STRING,YES,
bigquery,tappx_us_east4,ssp_impressions,price_network_response_gross,40,FLOAT64,YES,
bigquery,tappx_us_east4,ssp_impressions,hostname,41,STRING,YES,
bigquery,tappx_us_east4,ssp_impressions,referer,42,STRING,YES,
bigquery,tappx_us_east4,ssp_impressions,endpoint,43,STRING,YES,
bigquery,tappx_us_east4,ssp_impressions,track_type,44,STRING,YES,
bigquery,tappx_us_east4,ssp_impressions,ts_impression,45,INT64,YES,
bigquery,tappx_us_east4,ssp_impressions,id_app,46,INT64,YES,
bigquery,tappx_us_east4,ssp_networks_20240830,ad_format,1,STRING,YES,
bigquery,tappx_us_east4,ssp_networks_20240830,blocked,2,STRING,YES,
bigquery,tappx_us_east4,ssp_networks_20240830,type,3,STRING,YES,
bigquery,tappx_us_east4,ssp_networks_20240830,description,4,STRING,YES,
bigquery,tappx_us_east4,ssp_networks_20240830,name,5,STRING,YES,
bigquery,tappx_us_east4,ssp_networks_20240830,traffic_source,6,STRING,YES,
bigquery,tappx_us_east4,ssp_networks_20240830,id_network,7,INT64,YES,
bigquery,tappx_us_east4,ssp_pub_deliveries,date,1,DATE,YES,
bigquery,tappx_us_east4,ssp_pub_deliveries,id_req,2,INT64,YES,
bigquery,tappx_us_east4,ssp_pub_deliveries,ts_request,3,INT64,YES,
bigquery,tappx_us_east4,ssp_pub_deliveries,ad_size,4,STRING,YES,
bigquery,tappx_us_east4,ssp_pub_deliveries,from_cache,5,BOOL,YES,
bigquery,tappx_us_east4,ssp_pub_deliveries,inventory_type,6,STRING,YES,
bigquery,tappx_us_east4,ssp_pub_deliveries,country,7,STRING,YES,
bigquery,tappx_us_east4,ssp_pub_deliveries,network_key,8,STRING,YES,
bigquery,tappx_us_east4,ssp_pub_deliveries,id_os,9,INT64,YES,
bigquery,tappx_us_east4,ssp_pub_deliveries,json_cache,10,STRING,YES,
bigquery,tappx_us_east4,ssp_pub_deliveries,device_id,11,STRING,YES,
bigquery,tappx_us_east4,ssp_pub_deliveries,datacenter,12,STRING,YES,
bigquery,tappx_us_east4,ssp_pub_deliveries,canary,13,BOOL,YES,
bigquery,tappx_us_east4,ssp_pub_deliveries,endpoint,14,STRING,YES,
bigquery,tappx_us_east4,ssp_pub_deliveries,bundle,15,STRING,YES,
bigquery,tappx_us_east4,ssp_pub_deliveries,elapsed_time_network,16,INT64,YES,
bigquery,tappx_us_east4,ssp_pub_deliveries,id_size,17,INT64,YES,
bigquery,tappx_us_east4,ssp_pub_deliveries,mediation_connection,18,STRING,YES,
bigquery,tappx_us_east4,ssp_pub_deliveries,json_qa,19,STRING,YES,
bigquery,tappx_us_east4,ssp_pub_deliveries,id_user,20,INT64,YES,
bigquery,tappx_us_east4,ssp_pub_deliveries,bytes_ad,21,INT64,YES,
bigquery,tappx_us_east4,ssp_pub_deliveries,json_prices,22,STRING,YES,
bigquery,tappx_us_east4,ssp_pub_deliveries,network_id,23,INT64,YES,
bigquery,tappx_us_east4,ssp_pub_deliveries,id_app,24,INT64,YES,
bigquery,tappx_us_east4,ssp_pub_deliveries,ts,25,INT64,YES,
bigquery,tappx_us_east4,ssp_pub_deliveries,adunit,26,STRING,YES,
bigquery,tappx_us_east4,ssp_pub_deliveries,elapsed_time_global,27,INT64,YES,
bigquery,tappx_us_east4,ssp_pub_deliveries,network_name,28,STRING,YES,
bigquery,tappx_us_east4,ssp_pub_deliveries,status_code,29,INT64,YES,
bigquery,tappx_us_east4,ssp_pub_deliveries,json_data,30,STRING,YES,
bigquery,tappx_us_east4,ssp_pub_deliveries,count,31,INT64,YES,
bigquery,tappx_us_east4,ssp_pub_deliveries,endpoint_type,32,STRING,YES,
bigquery,tappx_us_east4,ssp_pub_deliveries_sample,date,1,DATE,YES,
bigquery,tappx_us_east4,ssp_pub_deliveries_sample,id_req,2,INT64,YES,
bigquery,tappx_us_east4,ssp_pub_deliveries_sample,ts_request,3,INT64,YES,
bigquery,tappx_us_east4,ssp_pub_deliveries_sample,ad_size,4,STRING,YES,
bigquery,tappx_us_east4,ssp_pub_deliveries_sample,from_cache,5,BOOL,YES,
bigquery,tappx_us_east4,ssp_pub_deliveries_sample,inventory_type,6,STRING,YES,
bigquery,tappx_us_east4,ssp_pub_deliveries_sample,country,7,STRING,YES,
bigquery,tappx_us_east4,ssp_pub_deliveries_sample,network_key,8,STRING,YES,
bigquery,tappx_us_east4,ssp_pub_deliveries_sample,id_os,9,INT64,YES,
bigquery,tappx_us_east4,ssp_pub_deliveries_sample,json_cache,10,STRING,YES,
bigquery,tappx_us_east4,ssp_pub_deliveries_sample,device_id,11,STRING,YES,
bigquery,tappx_us_east4,ssp_pub_deliveries_sample,datacenter,12,STRING,YES,
bigquery,tappx_us_east4,ssp_pub_deliveries_sample,canary,13,BOOL,YES,
bigquery,tappx_us_east4,ssp_pub_deliveries_sample,endpoint,14,STRING,YES,
bigquery,tappx_us_east4,ssp_pub_deliveries_sample,bundle,15,STRING,YES,
bigquery,tappx_us_east4,ssp_pub_deliveries_sample,elapsed_time_network,16,INT64,YES,
bigquery,tappx_us_east4,ssp_pub_deliveries_sample,id_size,17,INT64,YES,
bigquery,tappx_us_east4,ssp_pub_deliveries_sample,mediation_connection,18,STRING,YES,
bigquery,tappx_us_east4,ssp_pub_deliveries_sample,json_qa,19,STRING,YES,
bigquery,tappx_us_east4,ssp_pub_deliveries_sample,id_user,20,INT64,YES,
bigquery,tappx_us_east4,ssp_pub_deliveries_sample,json_prices,21,STRING,YES,
bigquery,tappx_us_east4,ssp_pub_deliveries_sample,network_id,22,INT64,YES,
bigquery,tappx_us_east4,ssp_pub_deliveries_sample,id_app,23,INT64,YES,
bigquery,tappx_us_east4,ssp_pub_deliveries_sample,ts,24,INT64,YES,
bigquery,tappx_us_east4,ssp_pub_deliveries_sample,adunit,25,STRING,YES,
bigquery,tappx_us_east4,ssp_pub_deliveries_sample,elapsed_time_global,26,INT64,YES,
bigquery,tappx_us_east4,ssp_pub_deliveries_sample,network_name,27,STRING,YES,
bigquery,tappx_us_east4,ssp_pub_deliveries_sample,status_code,28,INT64,YES,
bigquery,tappx_us_east4,ssp_pub_deliveries_sample,json_data,29,STRING,YES,
bigquery,tappx_us_east4,ssp_pub_deliveries_sample,count,30,INT64,YES,
bigquery,tappx_us_east4,ssp_pub_deliveries_sample,endpoint_type,31,STRING,YES,
bigquery,tappx_us_east4,ssp_pub_requests,date,1,DATE,YES,
bigquery,tappx_us_east4,ssp_pub_requests,ad_size,2,STRING,YES,
bigquery,tappx_us_east4,ssp_pub_requests,ts_request,3,INT64,YES,
bigquery,tappx_us_east4,ssp_pub_requests,canary,4,BOOL,YES,
bigquery,tappx_us_east4,ssp_pub_requests,bytes_ad,5,INT64,YES,
bigquery,tappx_us_east4,ssp_pub_requests,mediation_connection,6,STRING,YES,
bigquery,tappx_us_east4,ssp_pub_requests,ts,7,INT64,YES,
bigquery,tappx_us_east4,ssp_pub_requests,id_app,8,INT64,YES,
bigquery,tappx_us_east4,ssp_pub_requests,id_size,9,INT64,YES,
bigquery,tappx_us_east4,ssp_pub_requests,adunit,10,STRING,YES,
bigquery,tappx_us_east4,ssp_pub_requests,status_code,11,INT64,YES,
bigquery,tappx_us_east4,ssp_pub_requests,endpoint,12,STRING,YES,
bigquery,tappx_us_east4,ssp_pub_requests,id_req,13,INT64,YES,
bigquery,tappx_us_east4,ssp_pub_requests,id_user,14,INT64,YES,
bigquery,tappx_us_east4,ssp_pub_requests,inventory_type,15,STRING,YES,
bigquery,tappx_us_east4,ssp_pub_requests,datacenter,16,STRING,YES,
bigquery,tappx_us_east4,ssp_pub_requests,device_id,17,STRING,YES,
bigquery,tappx_us_east4,ssp_pub_requests,count,18,INT64,YES,
bigquery,tappx_us_east4,ssp_pub_requests,id_os,19,INT64,YES,
bigquery,tappx_us_east4,ssp_pub_requests,bundle,20,STRING,YES,
bigquery,tappx_us_east4,ssp_pub_requests,endpoint_type,21,STRING,YES,
bigquery,tappx_us_east4,ssp_pub_requests,country,22,STRING,YES,
bigquery,tappx_us_east4,ssp_pub_requests,json_prices,23,STRING,YES,
bigquery,tappx_us_east4,ssp_pub_requests,json_data,24,STRING,YES,
bigquery,tappx_us_east4,ssp_pub_requests_raw,id_req,1,INT64,NO,
bigquery,tappx_us_east4,ssp_pub_requests_raw,ts_request,2,INT64,NO,
bigquery,tappx_us_east4,ssp_pub_requests_raw,id_user,3,INT64,NO,
bigquery,tappx_us_east4,ssp_pub_requests_raw,endpoint,4,STRING,NO,
bigquery,tappx_us_east4,ssp_pub_requests_raw,bundle,5,STRING,NO,
bigquery,tappx_us_east4,ssp_pub_requests_raw,adunit,6,STRING,NO,
bigquery,tappx_us_east4,ssp_pub_requests_raw,ad_size,7,STRING,NO,
bigquery,tappx_us_east4,ssp_pub_requests_raw,country,8,STRING,NO,
bigquery,tappx_us_east4,ssp_pub_requests_raw,datacenter,9,STRING,NO,
bigquery,tappx_us_east4,ssp_pub_requests_raw,json_data,10,STRING,YES,
bigquery,tappx_us_east4,ssp_pub_requests_raw,date,11,DATE,YES,
bigquery,tappx_us_east4,ssp_pub_requests_raw_sample,id_req,1,INT64,YES,
bigquery,tappx_us_east4,ssp_pub_requests_raw_sample,ts_request,2,INT64,YES,
bigquery,tappx_us_east4,ssp_pub_requests_raw_sample,id_user,3,INT64,YES,
bigquery,tappx_us_east4,ssp_pub_requests_raw_sample,endpoint,4,STRING,YES,
bigquery,tappx_us_east4,ssp_pub_requests_raw_sample,bundle,5,STRING,YES,
bigquery,tappx_us_east4,ssp_pub_requests_raw_sample,adunit,6,STRING,YES,
bigquery,tappx_us_east4,ssp_pub_requests_raw_sample,ad_size,7,STRING,YES,
bigquery,tappx_us_east4,ssp_pub_requests_raw_sample,country,8,STRING,YES,
bigquery,tappx_us_east4,ssp_pub_requests_raw_sample,datacenter,9,STRING,YES,
bigquery,tappx_us_east4,ssp_pub_requests_raw_sample,json_data,10,STRING,YES,
bigquery,tappx_us_east4,ssp_pub_requests_raw_sample,date,11,DATE,YES,
bigquery,tappx_us_east4,ssp_pub_requests_raw_sample,inventory_type,12,STRING,YES,
bigquery,tappx_us_east4,ssp_requests_raw,netId,1,STRING,YES,
bigquery,tappx_us_east4,ssp_requests_raw,bundle,2,STRING,YES,
bigquery,tappx_us_east4,ssp_requests_raw,rqTs,3,INT64,YES,
bigquery,tappx_us_east4,ssp_requests_raw,rqNetTs,4,INT64,YES,
bigquery,tappx_us_east4,ssp_requests_raw,rqId,5,INT64,YES,
bigquery,tappx_us_east4,ssp_requests_raw,country,6,STRING,YES,
bigquery,tappx_us_east4,ssp_requests_raw,rqData,7,STRING,YES,
bigquery,tappx_us_east4,ssp_requests_raw,response,8,BOOL,YES,
bigquery,tappx_us_east4,ssp_requests_raw,pbUid,9,INT64,YES,
bigquery,tappx_us_east4,ssp_requests_raw,rqNetId,10,STRING,YES,
bigquery,tappx_us_east4,ssp_requests_raw,evVer,11,INT64,YES,
bigquery,tappx_us_east4,ssp_requests_raw,net,12,STRING,YES,
bigquery,tappx_us_east4,ssp_requests_raw,rqDate,13,DATE,YES,
bigquery,tappx_us_east4,ssp_requests_testab_raw,idsAbTests,1,STRING,YES,
bigquery,tappx_us_east4,ssp_requests_testab_raw,rqTs,2,TIMESTAMP,YES,
bigquery,tappx_us_east4,ssp_requests_testab_raw,rqNetId,3,STRING,YES,
bigquery,tappx_us_east4,ssp_requests_testab_raw,rqNetTs,4,TIMESTAMP,YES,
bigquery,tappx_us_east4,ssp_requests_testab_raw,pbUid,5,INT64,YES,
bigquery,tappx_us_east4,ssp_requests_testab_raw,country,6,STRING,YES,
bigquery,tappx_us_east4,ssp_requests_testab_raw,bundle,7,STRING,YES,
bigquery,tappx_us_east4,ssp_requests_testab_raw,netId,8,STRING,YES,
bigquery,tappx_us_east4,ssp_requests_testab_raw,evVer,9,INT64,YES,
bigquery,tappx_us_east4,ssp_requests_testab_raw,rqId,10,INT64,YES,
bigquery,tappx_us_east4,ssp_requests_testab_raw,response,11,BOOL,YES,
bigquery,tappx_us_east4,ssp_requests_testab_raw,hasError,12,BOOL,YES,
bigquery,tappx_us_east4,ssp_requests_testab_raw,rqData,13,"STRUCT<endpoint STRING, dc STRING, adunit STRING, size STRING, is_rejected BOOL, request_log STRUCT<id STRING, test INT64, `at` INT64, tmax INT64, allimps INT64, cattax INT64, wseat ARRAY<STRING>, bseat ARRAY<STRING>, cur ARRAY<STRING>, wlang ARRAY<STRING>, wlangb ARRAY<STRING>, acat ARRAY<STRING>, bcat ARRAY<STRING>, badv ARRAY<STRING>, bapp ARRAY<STRING>, site STRUCT<id STRING, name STRING, domain STRING, cattax INT64, page STRING, ref STRING, search STRING, mobile INT64, privacypolicy INT64, keywords STRING, inventorypartnerdomain STRING, cat ARRAY<STRING>, sectioncat ARRAY<STRING>, pagecat ARRAY<STRING>, kwarray ARRAY<STRING>, publisher STRUCT<id STRING, name STRING, cattax INT64, domain STRING, cat ARRAY<STRING>, ext JSON>, content STRUCT<id STRING, episode INT64, title STRING, series STRING, season STRING, artist STRING, genre STRING, album STRING, isrc STRING, url STRING, cattax INT64, prodq INT64, context INT64, contentrating STRING, userrating STRING, qagmediarating INT64, keywords STRING, livestream INT64, sourcerelationship INT64, len INT64, language STRING, langb STRING, embeddable INT64, cat ARRAY<STRING>, kwarray ARRAY<STRING>, producer STRUCT<id STRING, name STRING, cattax INT64, domain STRING, cat ARRAY<STRING>, ext JSON>, network STRUCT<id STRING, name STRING, domain STRING, ext JSON>, channel STRUCT<id STRING, name STRING, domain STRING, ext JSON>, ext JSON, data ARRAY<STRUCT<id STRING, name STRING, ext JSON, segment ARRAY<STRUCT<id STRING, name STRING, value STRING, ext JSON>>>>>, ext JSON>, app STRUCT<id STRING, name STRING, bundle STRING, domain STRING, storeurl STRING, cattax INT64, ver STRING, privacypolicy INT64, paid INT64, keywords STRING, inventorypartnerdomain STRING, cat ARRAY<STRING>, sectioncat ARRAY<STRING>, pagecat ARRAY<STRING>, kwarray ARRAY<STRING>, publisher STRUCT<id STRING, name STRING, cattax INT64, domain STRING, cat ARRAY<STRING>, ext JSON>, content STRUCT<id STRING, episode INT64, title STRING, series STRING, season STRING, artist STRING, genre STRING, album STRING, isrc STRING, url STRING, cattax INT64, prodq INT64, context INT64, contentrating STRING, userrating STRING, qagmediarating INT64, keywords STRING, livestream INT64, sourcerelationship INT64, len INT64, language STRING, langb STRING, embeddable INT64, cat ARRAY<STRING>, kwarray ARRAY<STRING>, producer STRUCT<id STRING, name STRING, cattax INT64, domain STRING, cat ARRAY<STRING>, ext JSON>, network STRUCT<id STRING, name STRING, domain STRING, ext JSON>, channel STRUCT<id STRING, name STRING, domain STRING, ext JSON>, ext JSON, data ARRAY<STRUCT<id STRING, name STRING, ext JSON, segment ARRAY<STRUCT<id STRING, name STRING, value STRING, ext JSON>>>>>, ext JSON>, dooh STRUCT<name STRING, domain STRING, keywords STRING, publisher STRUCT<id STRING, name STRING, cattax INT64, domain STRING, cat ARRAY<STRING>, ext JSON>, content STRUCT<id STRING, episode INT64, title STRING, series STRING, season STRING, artist STRING, genre STRING, album STRING, isrc STRING, url STRING, cattax INT64, prodq INT64, context INT64, contentrating STRING, userrating STRING, qagmediarating INT64, keywords STRING, livestream INT64, sourcerelationship INT64, len INT64, language STRING, langb STRING, embeddable INT64, cat ARRAY<STRING>, kwarray ARRAY<STRING>, producer STRUCT<id STRING, name STRING, cattax INT64, domain STRING, cat ARRAY<STRING>, ext JSON>, network STRUCT<id STRING, name STRING, domain STRING, ext JSON>, channel STRUCT<id STRING, name STRING, domain STRING, ext JSON>, ext JSON, data ARRAY<STRUCT<id STRING, name STRING, ext JSON, segment ARRAY<STRUCT<id STRING, name STRING, value STRING, ext JSON>>>>>, ext JSON, id STRING, venuetype ARRAY<STRING>, venuetypetax INT64>, device STRUCT<dnt INT64, lmt INT64, ua STRING, ip STRING, ipv6 STRING, devicetype INT64, make STRING, model STRING, os STRING, osv STRING, hwv STRING, h INT64, w INT64, ppi INT64, pxratio FLOAT64, js INT64, geofetch INT64, flashver STRING, language STRING, langb STRING, carrier STRING, mccmnc STRING, connectiontype INT64, ifa STRING, didsha1 STRING, didmd5 STRING, dpidsha1 STRING, dpidmd5 STRING, macsha1 STRING, macmd5 STRING, geo STRUCT<lat FLOAT64, lon FLOAT64, type INT64, accuracy INT64, lastfix INT64, ipservice INT64, country STRING, region STRING, regionfips104 STRING, metro STRING, city STRING, zip STRING, utcoffset INT64, ext JSON>, sua STRUCT<mobile INT64, architecture STRING, bitness STRING, model STRING, source INT64, browsers ARRAY<STRUCT<brand STRING, version ARRAY<STRING>, ext JSON>>, platform STRUCT<brand STRING, version ARRAY<STRING>, ext JSON>, ext JSON>, ext JSON>, user STRUCT<id STRING, buyeruid STRING, yob INT64, gender STRING, keywords STRING, customdata STRING, consent STRING, kwarray ARRAY<STRING>, geo STRUCT<lat FLOAT64, lon FLOAT64, type INT64, accuracy INT64, lastfix INT64, ipservice INT64, country STRING, region STRING, regionfips104 STRING, metro STRING, city STRING, zip STRING, utcoffset INT64, ext JSON>, ext JSON, data ARRAY<STRUCT<id STRING, name STRING, ext JSON, segment ARRAY<STRUCT<id STRING, name STRING, value STRING, ext JSON>>>>, eids ARRAY<STRUCT<eid STRUCT<source STRING, ext JSON, uids ARRAY<STRUCT<uid STRUCT<id STRING, atype INT64, ext JSON>>>>>>>, source STRUCT<fd INT64, tid STRING, pchain STRING, schain STRUCT<ext JSON, complete INT64, ver STRING, nodes STRUCT<supplychainnode STRUCT<asi STRING, sid STRING, rid STRING, name STRING, domain STRING, hp INT64, ext JSON>>>, ext JSON>, regs STRUCT<coppa INT64, gdpr INT64, us_privacy STRING, gpp STRING, gpp_sid ARRAY<INT64>, ext JSON>, ext JSON, imp ARRAY<STRUCT<id STRING, displaymanager STRING, displaymanagerver STRING, instl INT64, tagid STRING, bidfloor FLOAT64, bidfloorcur STRING, clickbrowser INT64, secure INT64, rwdd INT64, ssai INT64, exp INT64, dt FLOAT64, iframebuster ARRAY<STRING>, banner STRUCT<w INT64, h INT64, pos INT64, topframe INT64, id STRING, vcm INT64, btype ARRAY<INT64>, battr ARRAY<INT64>, mimes ARRAY<STRING>, expdir ARRAY<INT64>, api ARRAY<INT64>, ext JSON, format ARRAY<STRUCT<w INT64, h INT64, wratio INT64, hratio INT64, wmin INT64, ext JSON>>>, video STRUCT<minduration INT64, maxduration INT64, startdelay INT64, maxseq INT64, poddur INT64, w INT64, h INT64, podid STRING, podseq INT64, placement INT64, plcmt INT64, linearity INT64, skip INT64, skipmin INT64, skipafter INT64, sequence INT64, slotinpod INT64, mincpmpersec FLOAT64, maxextended INT64, minbitrate INT64, maxbitrate INT64, boxingallowed INT64, playbackend INT64, pos INT64, mimes ARRAY<STRING>, protocols ARRAY<INT64>, rqddurs ARRAY<INT64>, battr ARRAY<INT64>, playbackmethod ARRAY<INT64>, delivery ARRAY<INT64>, api ARRAY<INT64>, companiontype ARRAY<INT64>, ext JSON, companionad ARRAY<STRUCT<id STRING, w INT64, h INT64, pos INT64, battr ARRAY<INT64>, expdir ARRAY<INT64>>>, durfloors ARRAY<STRUCT<mindur INT64, maxdur INT64, ext JSON, bidfloor FLOAT64>>>, audio STRUCT<minduration INT64, maxduration INT64, poddur INT64, startdelay INT64, podid STRING, podseq INT64, sequence INT64, slotinpod INT64, mincpmpersec FLOAT64, maxextended INT64, minbitrate INT64, maxbitrate INT64, maxseq INT64, feed INT64, stitched INT64, nvol INT64, mimes ARRAY<STRING>, protocols ARRAY<INT64>, rqddurs ARRAY<INT64>, battr ARRAY<INT64>, delivery ARRAY<INT64>, api ARRAY<INT64>, companiontype ARRAY<INT64>, ext JSON, companionad ARRAY<STRUCT<id STRING, w INT64, h INT64, pos INT64, battr ARRAY<INT64>, expdir ARRAY<INT64>>>, durfloors ARRAY<STRUCT<mindur INT64, maxdur INT64, ext JSON, bidfloor FLOAT64>>>, native STRUCT<api INT64, battr INT64, ext JSON, request STRING, ver STRING>, pmp STRUCT<private_auction INT64, ext JSON, deals ARRAY<STRUCT<id STRING, bidfloor FLOAT64, bidfloorcur STRING, `at` INT64, guar INT64, mincpmpersec FLOAT64, wseat ARRAY<STRING>, wadomain ARRAY<STRING>, ext JSON, durfloors ARRAY<STRUCT<mindur INT64, maxdur INT64, ext JSON, bidfloor FLOAT64>>>>>, qty STRUCT<ext JSON, multiplier FLOAT64, sourcetype INT64, vendor STRING>, refresh STRUCT<ext JSON, refsettings ARRAY<STRUCT<reftype INT64, minint INT64, ext JSON>>, count INT64>, ext JSON, metric ARRAY<STRUCT<type STRING, value FLOAT64, vendor STRING, ext JSON>>>>>, ad JSON>",YES,
bigquery,tappx_us_east4,ssp_requests_testab_raw,networkAd,14,JSON,YES,
bigquery,tappx_us_east4,ssp_testab_historic,rqDate,1,DATE,YES,
bigquery,tappx_us_east4,ssp_testab_historic,idsAbTests,2,STRING,YES,
bigquery,tappx_us_east4,ssp_testab_historic,net,3,STRING,YES,
bigquery,tappx_us_east4,ssp_testab_historic,country,4,STRING,YES,
bigquery,tappx_us_east4,ssp_testab_historic,os,5,STRING,YES,
bigquery,tappx_us_east4,ssp_testab_historic,parameter,6,STRING,YES,
bigquery,tappx_us_east4,ssp_testab_historic,value,7,STRING,YES,
bigquery,tappx_us_east4,ssp_testab_historic,test_type,8,STRING,YES,
bigquery,tappx_us_east4,ssp_testab_historic,bid_price,9,FLOAT64,YES,
bigquery,tappx_us_east4,ssp_testab_historic,response,10,INT64,YES,
bigquery,tappx_us_east4,ssp_testab_historic,requests,11,INT64,YES,
bigquery,tappx_us_east4,ssp_testab_requests_errors,idsAbTests,1,STRING,YES,
bigquery,tappx_us_east4,ssp_testab_requests_errors,rqTs,2,TIMESTAMP,YES,
bigquery,tappx_us_east4,ssp_testab_requests_errors,rqNetId,3,STRING,YES,
bigquery,tappx_us_east4,ssp_testab_requests_errors,rqNetTs,4,TIMESTAMP,YES,
bigquery,tappx_us_east4,ssp_testab_requests_errors,pbUid,5,INT64,YES,
bigquery,tappx_us_east4,ssp_testab_requests_errors,country,6,STRING,YES,
bigquery,tappx_us_east4,ssp_testab_requests_errors,bundle,7,STRING,YES,
bigquery,tappx_us_east4,ssp_testab_requests_errors,netId,8,STRING,YES,
bigquery,tappx_us_east4,ssp_testab_requests_errors,evVer,9,INT64,YES,
bigquery,tappx_us_east4,ssp_testab_requests_errors,rqId,10,INT64,YES,
bigquery,tappx_us_east4,ssp_testab_requests_errors,response,11,BOOL,YES,
bigquery,tappx_us_east4,ssp_testab_requests_errors,hasError,12,BOOL,YES,
bigquery,tappx_us_east4,ssp_testab_requests_errors,rqData,13,STRING,YES,
bigquery,tappx_us_east4,ssp_testab_requests_errors,networkAd,14,STRING,YES,
bigquery,tappx_us_east4,ssp_testab_requests_errors,net,15,STRING,YES,
bigquery,tappx_us_east4,ssp_testab_requests_errors,rqDate,16,DATE,YES,
bigquery,tappx_us_east4,tappx_category_similarities,snapshot_date,1,DATE,NO,
bigquery,tappx_us_east4,tappx_category_similarities,tappx_catego_publisher,2,STRING,YES,
bigquery,tappx_us_east4,tappx_category_similarities,tappx_catego_advertiser,3,STRING,YES,
bigquery,tappx_us_east4,tappx_category_similarities,similarity_score,4,FLOAT64,YES,
bigquery,tappx_us_east4,tappx_category_similarities,threshold1,5,BOOL,YES,
bigquery,tappx_us_east4,temp_new_installs_csv,id_install,1,STRING,YES,
bigquery,tappx_us_east4,temp_new_installs_csv,ts_request,2,TIMESTAMP,YES,
bigquery,tappx_us_east4,temp_new_installs_csv,ts_click,3,TIMESTAMP,YES,
bigquery,tappx_us_east4,temp_new_installs_csv,ts_install,4,TIMESTAMP,YES,
bigquery,tappx_us_east4,temp_new_installs_csv,adunit,5,STRING,YES,
bigquery,tappx_us_east4,temp_new_installs_csv,banner_size,6,STRING,YES,
bigquery,tappx_us_east4,temp_new_installs_csv,bundle_request,7,STRING,YES,
bigquery,tappx_us_east4,temp_new_installs_csv,bundle_offer,8,STRING,YES,
bigquery,tappx_us_east4,temp_new_installs_csv,id_offer,9,INT64,YES,
bigquery,tappx_us_east4,temp_new_installs_csv,id_network,10,INT64,YES,
bigquery,tappx_us_east4,temp_new_installs_csv,country,11,STRING,YES,
bigquery,tappx_us_east4,temp_new_installs_csv,city,12,STRING,YES,
bigquery,tappx_us_east4,temp_new_installs_csv,offer_revenue,13,FLOAT64,YES,
bigquery,tappx_us_east4,temp_new_installs_csv,offer_revenue_type,14,STRING,YES,
bigquery,tappx_us_east4,temp_new_installs_csv,offer_goal,15,FLOAT64,YES,
bigquery,tappx_us_east4,temp_new_installs_csv,offer_goal_type,16,STRING,YES,
bigquery,tappx_us_east4,temp_new_installs_csv,currency,17,STRING,YES,
bigquery,tappx_us_east4,temp_new_installs_csv,device_id,18,STRING,YES,
bigquery,tappx_us_east4,temp_new_installs_csv,endpoint,19,STRING,YES,
bigquery,tappx_us_east4,temp_new_installs_csv,source,20,STRING,YES,
bigquery,tappx_us_east4,temp_new_installs_csv,perf_source,21,STRING,YES,
bigquery,tappx_us_east4,temp_new_installs_csv,ip,22,STRING,YES,
bigquery,tappx_us_east4,temp_new_installs_csv,id_request,23,INT64,YES,
bigquery,tappx_us_east4,temp_new_installs_csv,id_click,24,STRING,YES,
bigquery,tappx_us_east4,temp_new_installs_csv,os,25,STRING,YES,
bigquery,tappx_us_east4,temp_new_installs_csv,os_id,26,INT64,YES,
bigquery,tappx_us_east4,temp_new_installs_csv,os_version,27,STRING,YES,
bigquery,tappx_us_east4,temp_new_installs_csv,vta,28,STRING,YES,
bigquery,tappx_us_east4,temp_new_installs_csv,ua,29,STRING,YES,
bigquery,tappx_us_east4,temp_new_installs_csv,video,30,STRING,YES,
bigquery,tappx_us_east4,temp_new_installs_csv,video_type,31,STRING,YES,
bigquery,tappx_us_east4,temp_new_installs_csv,algo_incoming_traffic,32,STRING,YES,
bigquery,tappx_us_east4,temp_new_installs_csv,algo_tag_reqs,33,STRING,YES,
bigquery,tappx_us_east4,temp_new_installs_csv,algo_sprinkler,34,STRING,YES,
bigquery,tappx_us_east4,temp_new_installs_csv,algo_offer_selection,35,STRING,YES,
bigquery,tappx_us_east4,temp_new_installs_csv,sdk,36,STRING,YES,
bigquery,tappx_us_east4,temp_new_installs_csv,sdk_version,37,STRING,YES,
bigquery,tappx_us_east4,temp_new_installs_csv,id_req_ssp,38,STRING,YES,